//  INSERT INTO Child_Information (Child_ID, Child_Name, Child_Age, Parent_Name, Contact, Address, Requirement)VALUES(1001, 'Sara', 5, 'Rahman', '0123456789', 'Dhaka, Bangladesh', 'Day Nursery');
   INSERT INTO Child_Information (Child_ID, Child_Name, Child_Age, Parent_Name, Contact, Address, Requirement)VALUES(1002, 'Aryan', 7, 'Ahmed', '9876543210', 'Chittagong, Bangladesh', 'Education care');
    INSERT INTO Child_Information (Child_ID, Child_Name, Child_Age, Parent_Name, Contact, Address, Requirement)VALUES(1003, 'Fatima', 9, 'Khan', '0198765432', 'Sylhet, Bangladesh', 'Health care');
    INSERT INTO Child_Information (Child_ID, Child_Name, Child_Age, Parent_Name, Contact, Address, Requirement)VALUES(1004, 'Rahim', 6, 'Ali', '0123456789', 'Dhaka, Bangladesh', 'Health care');
   INSERT INTO Child_Information (Child_ID, Child_Name, Child_Age, Parent_Name, Contact, Address, Requirement)VALUES(1005, 'Nadia', 10, 'Rahman', '0176543210', 'Rajshahi, Bangladesh', 'Day Nursery');
    INSERT INTO Child_Information (Child_ID, Child_Name, Child_Age, Parent_Name, Contact, Address, Requirement)VALUES(1006, 'Kamal', 8, 'Haque', '0198765432', 'Dhaka, Bangladesh', 'Day Nursery');
    INSERT INTO Child_Information (Child_ID, Child_Name, Child_Age, Parent_Name, Contact, Address, Requirement)VALUES(1007, 'Maya', 5, 'Chowdhury', '0123456789', 'Chittagong, Bangladesh', 'Education care');
    INSERT INTO Child_Information (Child_ID, Child_Name, Child_Age, Parent_Name, Contact, Address, Requirement)VALUES(1008, 'Zara', 6, 'Hossain', '9876543210', 'Dhaka, Bangladesh', 'Day Nursery');
    INSERT INTO Child_Information (Child_ID, Child_Name, Child_Age, Parent_Name, Contact, Address, Requirement)VALUES(1009, 'Imran', 7, 'Khan', '0198765432', 'Sylhet, Bangladesh', 'Education care');
    INSERT INTO Child_Information (Child_ID, Child_Name, Child_Age, Parent_Name, Contact, Address, Requirement)VALUES(1010, 'Ayesha', 7, 'Rahim', '0176543210', 'Dhaka, Bangladesh', 'Health care');



//  INSERT INTO Total_ID (Child_ID, Day_Nursery_ID, Health_ID, Education_ID, Date_required, Total)
VALUES (1001, 101, 401, 301, '01-May-2023', 3);

INSERT INTO Total_ID (Child_ID, Day_Nursery_ID, Health_ID, Education_ID, Date_required, Total)
VALUES (1002, 102, 402, 302, '02-May-2023', 1);

INSERT INTO Total_ID (Child_ID, Day_Nursery_ID, Health_ID, Education_ID, Date_required, Total)
VALUES (1003, 103, 403, 303, '03-May-2023', 2);

INSERT INTO Total_ID (Child_ID, Day_Nursery_ID, Health_ID, Education_ID, Date_required, Total)
VALUES (1004, 104, 404, 304, '04-May-2023', 1);

INSERT INTO Total_ID (Child_ID, Day_Nursery_ID, Health_ID, Education_ID, Date_required, Total)
VALUES (1005, 105, 405, 305, '05-May-2023', 2);

INSERT INTO Total_ID (Child_ID, Day_Nursery_ID, Health_ID, Education_ID, Date_required, Total)
VALUES (1006, 106, 406, 306, '06-May-2023', 1);

INSERT INTO Total_ID (Child_ID, Day_Nursery_ID, Health_ID, Education_ID, Date_required, Total)
VALUES (1007, 107, 407, 307, '07-May-2023', 1);

INSERT INTO Total_ID (Child_ID, Day_Nursery_ID, Health_ID, Education_ID, Date_required, Total)
VALUES (1008, 108, 408, 308, '08-May-2023', 3);

INSERT INTO Total_ID (Child_ID, Day_Nursery_ID, Health_ID, Education_ID, Date_required, Total)
VALUES (1009, 109, 409, 309, '09-May-2023', 2);

INSERT INTO Total_ID (Child_ID, Day_Nursery_ID, Health_ID, Education_ID, Date_required, Total)
VALUES (1010, 110, 410, 310, '10-May-2023', 1);


//  INSERT INTO Child_Care_Centre (Day_Nursery_ID, Child_ID, Branch_ID, Centre_Name, Location, Admin_Name, Contact)
VALUES (101, 1001, 201, 'Little Stars', 'Dhaka, Bangladesh', 'Sara Rahman', '0123456789');

INSERT INTO Child_Care_Centre (Day_Nursery_ID, Child_ID, Branch_ID, Centre_Name, Location, Admin_Name, Contact)
VALUES (102, 1002, 202, 'Happy Kids', 'Chittagong, Bangladesh', 'Mohammad Ahmed', '0123456789');

INSERT INTO Child_Care_Centre (Day_Nursery_ID, Child_ID, Branch_ID, Centre_Name, Location, Admin_Name, Contact)
VALUES (103, 1003, 203, 'Sunshine Nursery', 'Dhaka, Bangladesh', 'Fatima Rahman', '0123456789');

INSERT INTO Child_Care_Centre (Day_Nursery_ID, Child_ID, Branch_ID, Centre_Name, Location, Admin_Name, Contact)
VALUES (104, 1004, 204, 'Little Explorers', 'Dhaka, Bangladesh', 'Ahmed Khan', '0123456789');

INSERT INTO Child_Care_Centre (Day_Nursery_ID, Child_ID, Branch_ID, Centre_Name, Location, Admin_Name, Contact)
VALUES (105, 1005, 205, 'Bright Minds', 'Sylhet, Bangladesh', 'Nadia Islam', '0123456789');

INSERT INTO Child_Care_Centre (Day_Nursery_ID, Child_ID, Branch_ID, Centre_Name, Location, Admin_Name, Contact)
VALUES (106,1006, 206, 'Rainbow Kids', 'Dhaka, Bangladesh', 'Kamal Hasan', '0123456789');

INSERT INTO Child_Care_Centre (Day_Nursery_ID, Child_ID, Branch_ID, Centre_Name, Location, Admin_Name, Contact)
VALUES (107, 1007, 207, 'Little Angels', 'Chittagong, Bangladesh', 'Rima Khan', '0123456789');

INSERT INTO Child_Care_Centre (Day_Nursery_ID, Child_ID, Branch_ID, Centre_Name, Location, Admin_Name, Contact)
VALUES (108, 1008, 208, 'Wonderland Nursery', 'Dhaka, Bangladesh', 'Rahim Ali', '0123456789');

INSERT INTO Child_Care_Centre (Day_Nursery_ID, Child_ID, Branch_ID, Centre_Name, Location, Admin_Name, Contact)
VALUES (109, 1009, 209, 'Happy Hearts', 'Dhaka, Bangladesh', 'Aisha Khan', '0123456789');

INSERT INTO Child_Care_Centre (Day_Nursery_ID, Child_ID, Branch_ID, Centre_Name, Location, Admin_Name, Contact)
VALUES (110, 1010, 210, 'Caring Kids', 'Dhaka, Bangladesh', 'Imran Ahmed', '0123456789');

//  INSERT INTO Tutor_Info (Tutor_ID, Tutor_Name, Contact, Objective, Child_ID)
VALUES (1, 'Sara Rahman', '0123456789', 'Mathematics Tutoring', 1001);

INSERT INTO Tutor_Info (Tutor_ID, Tutor_Name, Contact, Objective, Child_ID)
VALUES (2, 'Mohammad Ahmed', '0123456789', 'English Tutoring', 1002);

INSERT INTO Tutor_Info (Tutor_ID, Tutor_Name, Contact, Objective, Child_ID)
VALUES (3, 'Fatima Rahman', '0123456789', 'Origami', 1003);

INSERT INTO Tutor_Info (Tutor_ID, Tutor_Name, Contact, Objective, Child_ID)
VALUES (4, 'Ahmed Khan', '0123456789', 'Language Tutoring', 1004);

INSERT INTO Tutor_Info (Tutor_ID, Tutor_Name, Contact, Objective, Child_ID)
VALUES (5, 'Nadia Islam', '0123456789', 'Art Tutoring', 1005);

INSERT INTO Tutor_Info (Tutor_ID, Tutor_Name, Contact, Objective, Child_ID)
VALUES (6, 'Kamal Hasan', '0123456789', 'Music Tutoring', 1006);

INSERT INTO Tutor_Info (Tutor_ID, Tutor_Name, Contact, Objective, Child_ID)
VALUES (7, 'Rima Khan', '0123456789', 'Brain Games', 1007);

INSERT INTO Tutor_Info (Tutor_ID, Tutor_Name, Contact, Objective, Child_ID)
VALUES (8, 'Rahim Ali', '0123456789', 'Music Tutoring', 1008);

INSERT INTO Tutor_Info (Tutor_ID, Tutor_Name, Contact, Objective, Child_ID)
VALUES (9, 'Aisha Khan', '0123456789', 'Language Tutoring', 1009);

INSERT INTO Tutor_Info (Tutor_ID, Tutor_Name, Contact, Objective, Child_ID)
VALUES (10, 'Imran Ahmed', '0123456789', 'Art Tutoring', 1010);


//  INSERT INTO Health_Care (Pediatrician_Name, Pediatrician_ID, Hospital_Name, Contact, Problem, Child_ID)
VALUES ('Dr. Fatima Rahman', 601, 'City Hospital', '0123456789', 'Fever', 1001);

INSERT INTO Health_Care (Pediatrician_Name, Pediatrician_ID, Hospital_Name, Contact, Problem, Child_ID)
VALUES ('Dr. Mohammad Ahmed', 602, 'Children Hospital', '0123456789', 'Allergies', 1002);

INSERT INTO Health_Care (Pediatrician_Name, Pediatrician_ID, Hospital_Name, Contact, Problem, Child_ID)
VALUES ('Dr. Kamal Hasan', 603, 'Dhaka Medical Center', '0123456789', 'Cough and Cold', 1003);

INSERT INTO Health_Care (Pediatrician_Name, Pediatrician_ID, Hospital_Name, Contact, Problem, Child_ID)
VALUES ('Dr. Ahmed Khan', 604, 'Rainbow Hospital', '0123456789', 'Stomachache', 1004);

INSERT INTO Health_Care (Pediatrician_Name, Pediatrician_ID, Hospital_Name, Contact, Problem, Child_ID)
VALUES ('Dr. Nadia Islam', 605, 'Sylhet Children Clinic', '0123456789', 'Ear Infection', 1005);

INSERT INTO Health_Care (Pediatrician_Name, Pediatrician_ID, Hospital_Name, Contact, Problem, Child_ID)
VALUES ('Dr. Sara Rahman', 606, 'Dhaka General Hospital', '0123456789', 'Skin Rash', 1006);

INSERT INTO Health_Care (Pediatrician_Name, Pediatrician_ID, Hospital_Name, Contact, Problem, Child_ID)
VALUES ('Dr. Rahim Ali', 607, 'Chittagong Medical Center', '0123456789', 'Injury', 1007);

INSERT INTO Health_Care (Pediatrician_Name, Pediatrician_ID, Hospital_Name, Contact, Problem, Child_ID)
VALUES ('Dr. Aisha Khan', 608, 'Happy Kids Hospital', '0123456789', 'Developmental Delay', 1008);

INSERT INTO Health_Care (Pediatrician_Name, Pediatrician_ID, Hospital_Name, Contact, Problem, Child_ID)
VALUES ('Dr. Imran Ahmed', 609, 'Dhaka Children Clinic', '0123456789', 'Vision Problems', 1009);

INSERT INTO Health_Care (Pediatrician_Name, Pediatrician_ID, Hospital_Name, Contact, Problem, Child_ID)
VALUES ('Dr. Rima Khan', 610, 'Sylhet Medical Center', '0123456789', 'Behavioral Issues', 1010);


//display
select * from Tutor_Info where Tutor_ID=5;
select * from Tutor_Info where Child_ID=(select Child_ID from Child_Information where Child_name='Nadia');
//update
update Tutor_Info set Tutor_name='Alisha Khan' where Tutor_ID=9;
//union/intersect/except
select Centre_Name from Child_Care_Centre where Centre_Name like '%l' union select Centre_Name from Child_Care_Centre where Centre_Name like '%t%';
//with clause
with highest(val) as (select max(Total) from Total_ID) select * from Total_ID,highest where Total_ID.Total=Highest.val;
//aggregate function
select count(*) from Child_Information;
select avg(Total) from Total_ID;
select sum(Total) from Total_ID where Child_ID=1005;
//group_by
select Child_ID,avg(Total) from Total_ID group by Child_ID having avg(Total)>2;
//join
select * from Child_Care_Centre natural join Tutor_Info;
select Child_Name,Centre_Name from Child_Information left outer join Child_Care_Centre using(Child_ID);


